{"stats":{"minecraft:killed_by":{"minecraft:husk":2},"minecraft:picked_up":{"minecraft:wheat_seeds":1},"minecraft:custom":{"minecraft:jump":80,"minecraft:time_since_rest":8955,"minecraft:walk_on_water_one_cm":5082,"minecraft:sprint_one_cm":6838,"minecraft:crouch_one_cm":596,"minecraft:walk_one_cm":7591,"minecraft:damage_taken":515,"minecraft:leave_game":2,"minecraft:play_time":27914,"minecraft:time_since_death":8264,"minecraft:deaths":2,"minecraft:sneak_time":222,"minecraft:total_world_time":27914,"minecraft:walk_under_water_one_cm":2489,"minecraft:swim_one_cm":16141,"minecraft:fall_one_cm":418,"minecraft:fly_one_cm":10574},"minecraft:mined":{"minecraft:grass":4,"minecraft:tall_grass":5}},"DataVersion":3465}